text,label"Jack Dorsey gave a talk at Apple's headquarters Tuesday, a signal of the strong ties between the Silicon Valley giants https://t.co/adQ1vKmQjF",OTJapan’s magnet makers may be the big beneficiaries from any Chinese curbs on rare earths exports https://t.co/2UoiinO1wI,OTEricsson says its rollout of 5G mobile networks in Asia would weigh on profitability https://t.co/3aVur7mXVZ,OPOne of the most bearish economists covering Panama is none other than the nation’s new finance minister https://t.co/VuW7OASG1s,MDJPMorgan is hiring in Africa as more firms seek London listings https://t.co/ppIzCQmMiy,OTChinese startup DouYu and its shareholders raised $775 million in its U.S. IPO https://t.co/aBiu6HMFR6,OTShareholder adviser Glass Lewis was branded “immature” by StanChart's CEO after it told the bank's investors to vote down a pension package for top executives https://t.co/yVwR45g8Pr,OPFive things you need to know to start your trading day in Europe https://t.co/viAsrUxeWE,OTEurope dived into negative interest rates and now it can't find a way out https://t.co/tUqMl8ONf9 https://t.co/szFnpe9mfG,MDLibra’s Biggest Challenge May Be Facebook’s Tarnished Reputation  https://t.co/aMPp8UKpjv via @technology @crypto,OPThings just keep getting worse for South Korea's stock market https://t.co/VlqYfDxw5x https://t.co/K9B4DSCWqT,MD"Today’s Brussels Edition: The first of many hurdles for ⁦@vonderleyen⁩, rule of law paper, G7 meeting, Amazon probe, and the perils of negative rates  https://t.co/DqyDsa4Q6Z",MD"European car registrations fell sharply in June, the worst monthly decline since December https://t.co/bJa2EfOXKF #tictocnews https://t.co/68fxgPBTtx",MDEXCLUSIVE: #Moldova's government is pledging to move on from a paralyzing political standoff by taking on corruption. Read the interview with the new finance minister by @jaskuzmanovic https://t.co/KjxnkNHurd via @bpolitics #TicTocNews,PUBrexit Bulletin: The pound pays the price https://t.co/jvKY5PNPoi via @_DavidGoodman #tictocnews https://t.co/4W4qwHBv3n,MDToyota strikes a deal with the world's top supplier of EV batteries as it embraces electric cars https://t.co/AhNN150mIW,OT"BREAKING: U.K. inflation held steady at the 2% target last month, leaving the Bank of England under no pressure to raise interest rates https://t.co/WTjDdmOK4C https://t.co/t6usO3GCHz",MDThe Bank of England’s balance sheet should fall to around half its current size when quantitative easing is finally unwound https://t.co/quqXsW6rBa,MD"European car registrations fell sharply in June, the worst monthly decline since December https://t.co/3TnnIMLRih",MDDeutsche Bank hires a team of around a dozen private bankers from Credit Suisse to build out wealth management https://t.co/5y8oNzEcb1,OTA French-U.S. clash over digital taxation overshadows the start of #G7Finance meeting https://t.co/DWQjM2SVNx via @bpolitics,RIJPMorgan is hiring in Africa as it looks for to win more business doing IPOs for companies on the continent. https://t.co/Mzd49RPtop,OTAmazon agrees to change how it does business with other sellers following an investigation by German regulators https://t.co/RZ77cBbCFz,RI"Morning Note: 

-Trade drama going nowhere
-G7 finance ministers meeting
-BofA delivering Q2 earnings https://t.co/UB5guoHAPO",OTThe Fed might get a new rate tool. Wall Street is not sure when. https://t.co/mRa7SZLp7H,OTA small revision in euro-area inflation data – largely reflecting idiosyncrasies in Germany – won’t shift the needle in any way at the European Central Bank https://t.co/I7CsizAUx5 https://t.co/j4LwfkReni,MDThe Bank of Thailand says a rate cut may have only a limited impact in dealing with its currency’s ascent https://t.co/ZHjTNsAMrD via @markets,MDWhen the CCCs go out we will see who is swimming naked  https://t.co/etsaosjuxk,OT"#5things
-Trump tariff threat 
-Bank earnings
-Debt limit talks 
-Marketzzzzzz
-Coming up...
https://t.co/zSS0zesDbr https://t.co/0wUofSlLs8",OTThe head of the U.K.’s financial watchdog called out embattled fund manager Neil Woodford for not following the ‘spirit’ of the rules https://t.co/wVZAlCmKFT https://t.co/U71iXsRquT,FC"Siemens set to resume deliveries on $6.7 billion high-speed train order from its biggest customer, Deutsche Bahn, ending a three-month freeze following the discovery of an equipment fault https://t.co/hd2n9TNJag",OTU.S.-Japan talks poised to heat up and get messy: Terms of Trade https://t.co/VdYW4nOd4v via @jendeben #tictocnews https://t.co/2EAbszWcOh,TWUrsula von der Leyen says centrist politics helped her win the EU's top job https://t.co/vxznO5rCFP,OT"The pound may fall to parity with the dollar on a no-deal Brexit, according to Morgan Stanley https://t.co/7ZYKPqX2QK https://t.co/hGbvbyY8lh",MDNEW COVER: It looks like Trump’s found a way to attack Powell and the Fed outside of his tweets https://t.co/taGdTpfACv https://t.co/CzvyVc7gF1,O"They reached the top and had to stop, 
And that's what's bothering them.

Our guide to what the world’s central banks will do next https://t.co/XZJNSQrjuC via @economics https://t.co/dDeuiAbW2J",OTCanadian oil's discount against U.S. benchmark futures narrows on an increase in crude-by-rail shipments https://t.co/yNiNLrQvJo https://t.co/dBfCvVBMpT,FIThis professor made waves when he said all the wealth created by U.S. stocks is from gains in a weirdly small group of firms. Now he's back with an update showing most of the world's companies are duds https://t.co/uifAqhhAaq,OTLike rolling rocks up a hill? Join the loan market. https://t.co/e2fAuF1jAu,OTDijsselbloem floated for top IMF job by the Dutch government https://t.co/rg4PTZuGy8 via @johnhermse1 @v_dendrinou #tictocnews https://t.co/8XaupxXaEH,OTBank of America's consumer bankers extend their winning streak for another 3 months https://t.co/qAC25RnXCN,OT"U.S. housing starts fell in June 
https://t.co/MiCKgOcP1I https://t.co/DzaGoJnxX6",MDThe U.S. oil boom changed the petroleum industry forever. Now its philosophy is being adopted by conventional producers in the North Sea https://t.co/9mAV8Rfpue via @business,OTJapan’s magnet makers may be the big beneficiaries from any Chinese curbs on rare earths exports https://t.co/WkEwl9hSLU,OTInflation slows on falling gasoline prices https://t.co/mGxw3qJWV6 https://t.co/dLV5vK0IlA,MDLondon house prices are falling at their fastest pace since the financial crisis a decade ago but not every district of the city is a loser https://t.co/Fn6FUAerZR,MDU.S. markets open broadly unchanged https://t.co/L0O2gLeJoi https://t.co/5e2jTBWB3r,OT"Increasing trade tensions are weighing on the global economy, warns the IMF https://t.co/SCgVamcXHy",MD"LIVE: David Marcus, who heads up Facebook's Libra and blockchain efforts, testifies before the House Financial Services Committee https://t.co/7RP6e6ZNcQ",RIJUST IN: Mexican drug kingpin Joaquin 'El Chapo' Guzman has been sentenced to life in US prison https://t.co/0RAyFtXQog https://t.co/2MTjyGlxV6,O"S&amp;P 500 Index drops below 3,000 https://t.co/L0O2gLeJoi https://t.co/MqBVIuS0Ps",MDGlobal finance chiefs found common ground in their fear of Facebook’s Libra initiative https://t.co/9MzWJGretU,RIThis professor made waves when he said all the wealth created by U.S. stocks is from gains in a weirdly small group of firms. Now he's back with an update showing most of the world's companies are duds https://t.co/xPiMs5v3ln,OTA former Credit Suisse banker best known for his role in privatizing Russian state assets after the fall of communism is now capitalizing on the pot market https://t.co/Gb0fsYdhhR,O"Tesla cut the price of its Model 3 by $6,410 this week, a bitter pill to swallow for customers who recently purchased a car at the previous price https://t.co/gHTD0qyxQL",OTInflation is a potential killer for popular bets that stagnant prices will keep the value of fixed-income intact https://t.co/Kc2OKubvHl https://t.co/CHjUi9He4l,OT"Facebook is down on the day, but its losses are being matched by other FANG stocks.

Here's the latest on the Libra hearing, currently underway on the Hill https://t.co/HpfPoVxWN5 https://t.co/BoRRHpEjDA",FIAmericans burned through a lot less gasoline &amp; diesel than expected last week. Investors taking their disappointment out on WTI crude futures: https://t.co/6aLNIHifyP via @markets #OOTT https://t.co/EeyXcWwgF6,MDADM Sees Tariff War Changing China’s Soy Trade Pattern for Good https://t.co/OfvIXDw9H3,TW".@RepSteveStivers asks if there will be a limit on the size of Libra transactions.

Marcus says they will be talking to Treasury on this topic and he anticipates limits depending on where money is going or where it is coming from https://t.co/BKVySebB22",RI"LIVE: Facebook takes questions from the House on Libra, the company's proposed cryptocurrency https://t.co/jISJZl86uW",RILevi sank to the lowest since its IPO after Goldman issued the first sell rating on the clothing company https://t.co/U5THJLMJlr https://t.co/U7He10cM2l,FIPelosi says she still wants a debt limit deal this week to give the House time to pass the measure before August recess https://t.co/gMw4zdCHUd,OT"Global finance chiefs found common ground in their fear of Facebook’s Libra initiative as they met to discuss more contentious issues from digital taxation to the economic outlook on Wednesday
https://t.co/ut1vfg32iD",RI"Exchange-traded fund investors have a lot riding on earnings from Taiwan Semiconductor Manufacturing Co. this Thursday
https://t.co/pao9iKobJG",OT"Canadian annual inflation decelerated in June after gasoline prices declined and customers paid less for internet services
https://t.co/tPuAdz3ldg",OT"U.K. Brexit Secretary Steve Barclay said the risk of a no-deal split with the European Union is “underpriced""
https://t.co/y9GdG3k1Q1",MD"The traditional relationship between inflation and employment that has guided monetary policy still holds in the euro area
https://t.co/7y7UKQ8pHU",OT"A Kinder Morgan-led natural gas conduit is getting blowback in a place that’s so far been a refuge for the embattled pipeline industry: Texas
https://t.co/tu1XLZUQ0R",OP"Speaker Nancy Pelosi said she still wants a deal this week on the U.S. debt limit to give the House time to pass the measure before Congress’s August recess
https://t.co/PFhkTDwxzf",MDFive things you need to know at the start of Asia's trading day https://t.co/JHvcR5HJNJ,OTJapanese exports fell for a seventh straight month in June as the slowdown in global growth and uncertainty over trade continue https://t.co/7D8xRifQx6,MD"After beating almost all rivals in China with 46% return in one equity fund, investor Qu Yang is shifting his money into Hong Kong https://t.co/HjH9Ki4DJM",OT"Half of all foreign debt owed to China is hidden from normal databases. That should worry everyone, says @mihirssharma https://t.co/fghi5KlOdy",OStocks in Asia to drop amid earnings; bonds rise: Markets Wrap https://t.co/5n4Ht6TNJk,MDJapanese exports fall for 7th straight month in June as the slowdown in global growth and uncertainty over trade continue https://t.co/pWlxy6dplJ https://t.co/ZlGSCZuHqC,MD"Bitcoin, not blockchain. LOL.

https://t.co/s8570ksLgW",OTAll eyes will be on Taiwan Semiconductor Manufacturing’s outlook https://t.co/Hi2hEwDuKC,OTApartment building sales in New York City plummet with investors scared away by the new rent law https://t.co/Xs56rBUAMk,MDIndonesia is poised to cut interest rates for the first time in two years https://t.co/R1slbigheD,MDHere’s the latest news and analysis from Bloomberg Economics https://t.co/XM8Em6PvnT,OT"The Canadian dollar is having the best year of any major currency, but there’s concern about its near-term outlook https://t.co/BgUH6TSdIu https://t.co/kQPzt3mSY8",MDThe world's biggest pension fund has room to invest $26 billion in domestic stocks https://t.co/j6dndzuPcY,OT"Moutai’s revenue rose 16.9% in the first half of this year compared to the last -- a strong showing for most mature consumer brands, underwhelming for this one https://t.co/O8K2d9xocM",OTWe will soon find out whether TSMC’s $35b rebound from Jan. low will sustain or not... https://t.co/I4N6kx5ugo,FIMoutai’s revenue rose 17% in the first half of 2019 compared to a year earlier — a strong showing for most mature consumer brands https://t.co/xPe6AbOqT3,OT"-Japan's Topix on course for 4th day of losses
-Hong Kong, Korea, Australia shares ⬇
-Korean won ⬇ after rate cut
-Oil ⬇ after mixed U.S. government report
-Benchmark Treasury yields dip to 2.04%
https://t.co/VsQR1b9dZh https://t.co/FJlMpw4bZk",MD"Smart money said ""skip Bitcoin, bet on blockchain."" Not any more https://t.co/OXjFTQ9Rt0",OTYield-hungry foreigners are snapping up Indian bonds — and they’re finding ready sellers in the nation’s state-run banks https://t.co/dY1k57UKdk,OTAlcoa cuts its forecast for global aluminum demand for the second time in 3 months https://t.co/tzqCbuVTIl https://t.co/UXsxKOxzag,FI"The Bank of Korea cuts its key interest rate less than a year after last raising it, joining a growing number of central banks shoring up cooling economies https://t.co/6Fvwv62Eve",MD"After beating almost all rivals in China with 46% return in one equity fund, investor Qu Yang is shifting his money into Hong Kong, by @JeannyYu https://t.co/TYvVestTj9 via @markets",OT"Korea's central bank announces a surprise rate cut:

https://t.co/ld3jNaszhl by @samkimasia https://t.co/z2sJl98JNa",MD"African local bonds are on a tear, but the continent’s stocks are missing out https://t.co/4dJ4219Yv9",MDMicrosoft data shows that hackers are still targeting American elections https://t.co/e5MdG0Mkh5,PUAustralian employment steadies in June as a slide in part-time positions counters gains in full-time work https://t.co/iQNQ2gWxQI,OTIndia’s plan to sell its first foreign sovereign bonds is facing opposition from a key ally of Prime Minister Narendra Modi https://t.co/LzlIoP0Km2,OThe world's biggest pension fund has room to invest $26 billion in domestic stocks https://t.co/uKyNfJRgTp,OT"Smart money said ""skip Bitcoin, bet on blockchain."" Not any more https://t.co/NaElwnEzke",OTUnited prodded Boeing for details on a proposed new jetliner for middle-distance routes https://t.co/BQ8yoFNpy6,OTAnalysts slashed their share price targets for Yes Bank Ltd. after the Indian lender’s profit missed estimates https://t.co/FE2dM2phGb,FIIs Facebook a bank? Congress and others push for answers on crypto foray https://t.co/ISVD7Fbndl,RIA real estate financing tool revived from the pre-crisis era is growing riskier https://t.co/JJBwAQG8ga,OT"The traditional relationship between inflation and employment that has guided monetary policy still holds in the euro area, according to a paper published by the ECB https://t.co/1KcB4eTAVD",OTPresident Trump’s trade war will change forever the way top importer China buys its soybeans https://t.co/Wd4mnYXGmw,OBank of England policy makers may be losing faith in their own call for higher interest rates https://t.co/7rpjMTPSBt,MDA Kinder Morgan-led natural gas conduit is getting blowback in a place that’s so far been a refuge for the pipeline industry: Texas https://t.co/cTwvY2odbf,OPFive things you need to know to start your day https://t.co/vPNADG47Df,OT"The Canadian dollar is having the best year of any major currency, but there’s concern about its near-term outlook https://t.co/n0Rukg1R4V",MDRay Dalio's answer to a new market paradigm that could see escalating conflict between capitalists and socialists is simple—gold https://t.co/T9w60xGycN,OTHarvard President Larry Bacow detailed the effects of Trump’s recent immigration policies on the school https://t.co/OQdhukHArA,OTDean &amp; DeLuca is struggling to hold on amid stalling sales and a cutthroat competitive landscape https://t.co/CTUg47AQld,OPSingapore is increasing spending to fight the threat of rising water levels https://t.co/PUi52amM68,OPA $338 billion money manager says equity investors best quit while they’re ahead this year and move to safer holdings https://t.co/tRzegRT7DJ,OTBrexit Bulletin: Neutralizing the next PM https://t.co/F43tB7A1WS via @emmarossthomas #tictocnews https://t.co/w7NdLcTkVj,OTBank of England policy makers may be losing faith in their own call for higher interest rates https://t.co/qfHnXi214U,MDSterling volatility is getting a shake-up as the risk of a no-deal Brexit grows https://t.co/8aUaNBktrC https://t.co/Vn7whNhKNw,MDBritain is turning into a hot spot for natural gas storage sites https://t.co/2NZ5hBGGlX via @a_shiryaevskaya https://t.co/20hwkYM0Ja,OTEuropean equities dropped at the open as major companies spooked investors with sales declines and profit warnings https://t.co/zTpV4FBamZ https://t.co/CfzH56gmOe,MD"Three days of rambling, conspiracy-laden testimony to a commission investigating corruption in South Africa may finally mark the end of the Jacob Zuma era https://t.co/UakDJTjHJJ via @bpolitics @BBGAfrica",PUBond markets once felled governments. Now negative yields rule https://t.co/aFDEJQ6J6W,MDIndonesia’s central bank cuts its benchmark interest rate for the first time in almost two years https://t.co/1BjJrKmWWS https://t.co/osAan2ovAg,MDWhy would you buy African #stocks when yields on #bonds are this juicy? https://t.co/qg95urqXHL via @markets https://t.co/pG6mIOotRO,OTPound jolted out of summer slumber as no-deal Brexit din grow https://t.co/jC6JIVAgix via @anoojad #tictocnews https://t.co/WaZotBa6r4,MDStock investors should quit while they’re ahead https://t.co/w7ISY5iPKi via @markets https://t.co/eQnAqxL7op,OT"Deutsche Bank is considering subletting the London offices occupied by its wealth management business and its asset-management arm DWS Group, sources say https://t.co/G5fvCeIDOg",FIU.K. retail sales unexpectedly rose last month https://t.co/kQll4n8wWA https://t.co/nuqc3nHEhM,OTIntelligent dictators are more attractive to foreign investors https://t.co/lxdooDjTp6,OT"Morning Note: 

-South Korea surprise rate cut
-Netflix delivers massive miss
-MS wraps up Wall St results https://t.co/VxAKc52lXn",MDGlobal finance ministers are facing intensified nagging to loosen purse strings and aid the world economy https://t.co/aOLXl8hjym,MD"A no-deal Brexit could plunge the British economy into recession, hammer the pound and drive up government borrowing, according to the U.K.'s financial watchdog https://t.co/Sn5ERvJi5b",MD"This hedge fund is bullish on equities but bearish on humanity, reports @justinaknope https://t.co/JWW2H2ixqk via @markets https://t.co/oFdZCM8256",OGlobal economy threats prompt cautious G-7 pledge on fiscal aid https://t.co/wDa5NoRz1d via @WHorobin @chiaraalbanese @bjennen1 #tictocnews https://t.co/gtdT7pNRtQ,MD"#5Things
-Trade talk standoff
-Iran's hard line
-Earnings
-Markets drop
-Coming up...
https://t.co/xliCeJfcEy https://t.co/5mdoCmRxuH",TW"DEVELOPING: European Central Bank staff have begun studying a potential revamp of their inflation goal, according to sources https://t.co/f0v6hxdEtG https://t.co/i5Ewf5a4OI",OT"Trump and Xi agreed to resume talks. The problem is their negotiators so far can’t agree on where those talks should restart. ⁦My Bloomberg colleague ⁦@jendeben⁩ with a must-read on the growing evidence of the long grind ahead in US-China talks. 
 https://t.co/tGHwcInojw",TWQualcomm has been fined $272 million by EU antitrust regulators for deliberately pricing some chips so low they could eliminate a smaller rival https://t.co/pt37uOJcKI,RIEuropean wrangling over IMF top job reaches stalemate in France https://t.co/8I0crqjGp8 via @nchrysoloras @joaomlima1 @cbSwiss #tictocnews https://t.co/d3GUPm2oUp,OT"“In the Fed’s Boston district, a firm noted that it had to move an assembly line from the U.S. to Germany to avoid the tariffs on the Chinese made component in the product line.” https://t.co/KeZCphqYrY",TWOil extended gains after Iran confirmed it had seized a foreign oil tanker in the Persian Gulf https://t.co/mKHN1evqtX https://t.co/0smBss7xEL,TW"Clang, clang, clang goes the sound of tariffs https://t.co/oHdM3oSspb https://t.co/uOVGu3j9MH",TW"This is something we could consider in the future but as of now there’s no change to the dollar policy,"" U.S. Treasury Secretary Steven Mnuchin says https://t.co/DtgK65gwTq",OT"U.S. jobless claims edge up to 216,000 https://t.co/IGYIuXnXLj https://t.co/c7Urw5PklU",MDMnuchin signals he would agree to a short-term debt limit increase if Congress can’t reach a long-term solution that includes a budget deal before its August recess https://t.co/Dr4g2GUA4k via @bpolitics,OT"A great line from @LorcanRK in @LorcanRK's Five Things newsletter:

""with QE now seen as a standard instrument in the monetary policy toolkit, the old days where the bond market was the final arbiter of all fiscal policy are gone forever.""

Sign up here: 
https://t.co/kzyHnNb5AP https://t.co/DuXcY4upTp",OT"Morgan Stanley posts a 14% drop in equities-trading revenue, the steepest decline among major U.S. banks https://t.co/rGVR0FVKDH https://t.co/uMOgacRqQ1",FI"Elizabeth Warren declares war on private equity ""vampires"" in her ""economic patriotism"" plan https://t.co/8HeXpXkgKl",OU.S. stocks fall at the open https://t.co/xZE7b1zT7g https://t.co/4stRtE4k7o,MDNetflix plunges https://t.co/7bln8al7wu https://t.co/sOan3goNVz,FIU.S. Treasury Secretary Steven Mnuchin warns Europe not to breach U.S. sanctions on Iran https://t.co/Dpc6j27jMF,TWSouth Africa’s central bank cuts its benchmark interest rate for the first time in more than a year as it almost halved its economic growth forecast for the year https://t.co/uWepgR8zI8 https://t.co/60a6yjrUui,MD"Watch JPMorgan Asset Management's Bob Michele explain why he's looking to ride U.S. Treasury yields “all the way down to zero.”
https://t.co/11WQTZVwdW via @markets https://t.co/JrJSd7hjFJ",MDBarrick says it’s on track to meet its gold production guidance this year https://t.co/5B3YSJg0xQ via @daniellebochove,OTMartin Shkreli’s fraud conviction has been upheld by a federal appeals court in New York https://t.co/7WbsHyTJxf,FC"If there was a currency you wouldn’t expect to be strengthening, it would be Iran’s https://t.co/dlbX0HtN4m",OTSentiment among American consumers climbed to a fresh 18-year high https://t.co/7OPLvC9znQ,OT"Home sales in Greenwich, Connecticut, declined for a third straight quarter, but some of the town’s priciest, hardest-to-sell properties found buyers quicker than they used to https://t.co/s0yo9RRiqe https://t.co/WQQwbXgNf5",MD"Bureaucratically assured destruction: After Trump blew it up, Europe is trying to salvage the Iran nuclear deal https://t.co/J4HpM2zKQp",TW"Bankers once scrambling for Aramco IPO, now ask if it's worth it https://t.co/kLhsMzA25U via @DNair5 @mideastmatthew @NicolasParasie https://t.co/aNXnYRNwgU",FI"Federal prosecutors examined whether others besides Michael Cohen gave false testimony, lied to investigators or otherwise obstructed justice https://t.co/X2MFjiLyHr",RI"ECB staff have begun studying a potential revamp of their #inflation goal, a move that could embolden policy makers to pursue monetary stimulus for longer.

#Bonds and #stocks jumped, while the euro slid. https://t.co/Snyq9zTXU7",OT"President Donald Trump said the U.S. “immediately destroyed” an Iranian drone that approached the USS Boxer near the Strait of Hormuz, the latest sign of escalating military tensions around the critical oil chokepoint
https://t.co/6xpOFIo0A5",PU"Elizabeth Warren unveiled a policy proposal Thursday to impose new rules on private equity and “useless speculation” on Wall Street while rolling back President Donald Trump’s deregulation of the financial industry
https://t.co/ejMcrqpmTX",RI"Alex Morgan, co-captain of the U.S. women’s soccer team that just won its second straight World Cup, is planning to launch her own media venture
https://t.co/1ibWGjrMvj",OT"Netflix Inc. shocked investors by reporting a drop in U.S. customers and much slower growth overseas, raising fears that the streaming giant is losing momentum just as competitors prepare to pounce
https://t.co/o1UMPOctNy",FI"Passenger cellphones and other types of radio signals could pose a crash threat to some models of Boeing 737 and 777 airplanes
https://t.co/NxkKaOewEM",OPHere's the markets wrap as things get going in Asia https://t.co/9IJfMu7ULL,OTAT&amp;T looking for ways to pay down debt after the $85 billion takeover of Time Warner https://t.co/NvhudG2CsH,OPFive things you need to know at the start of Asia's trading day https://t.co/nLIEpfbaJC,OTMicrosoft’s quarterly sales and profit topped estimates on the strength of the company’s cloud-computing business https://t.co/LHcVaLXv2a,OT"AQR Capital Management is seeking to sublet space in three Greenwich, Connecticut, office buildings https://t.co/Ejh4p7dFmz",OTRates traders are camped on either side of a big divide over Fed cuts https://t.co/6PtwfKkPlw,MD"Wall Street analysts call Morgan Stanley's results solid but ""lethargic"" https://t.co/YZp26Ncyqn",OTU.S. home owners are expected to spend less on home improvement and repairs over the next year https://t.co/D6Q9S0Kzab,MD"Trade wars are bad, except for the Korean stocks up $1.5 billion https://t.co/j7fA9nRiVv",OTIndonesia plans to spend billions of dollars in building aluminum and nickel smelters as it seeks to cut reliance on imports https://t.co/m4KXZO14JW,OT"Japan’s key inflation gauge falls again, adding to pressure on the BOJ to join its global peers in increasing monetary stimulus https://t.co/lEc4hKnlkL",MD"The world’s central banks are likely to start following the lead set by their governments, according to the economist who’s become the public face of MMT https://t.co/JqFXjDxZoB",OTThe Fed's Richard Clarida said policy makers shouldn’t wait until the economy has obviously stumbled before cutting interest rates https://t.co/is4qn2FL2I,MD"National Australia Bank has appointed Ross McEwan as its new CEO, charging him with restoring trust in the bank after a series of scandals https://t.co/BQIS5oVbLN",OTNew York has signed the biggest deal for offshore wind power ever done in the U.S. https://t.co/BKBAkvyt3p,OTVodafone Idea has hired Bank of America and Morgan Stanley to help sell its fiber assets https://t.co/6RYgRXxEVm,OTDeregulation is back in two of the most populous U.S. states. And utilities are girding for a fight https://t.co/NrQMuccCRe,OTSingapore's $518 billion stock market looks past recession risk https://t.co/TVB9nLSKtu,OTJapan's beleaguered banks are tapping a robotics firm to automate jobs https://t.co/HFgAi1jLW9,OTChina's new Nasdaq-style venue is set for a Monday trading start https://t.co/EtVjeTcYKB,OTA $473 billion manager says the biggest threat to the rally in equities is also the reason it won’t be derailed https://t.co/hAj9DzbKzN,OTThe slide in interest rates may spur more American states and cities to make a bond-market end run around the federal government https://t.co/deZREamzg0,MDU.S. East Coast pump prices are shrugging off the loss of the biggest refinery in the region https://t.co/KbNAqyafeM,OTBernard Arnault’s good fortune is rubbing off on some of China’s biggest skin-care companies and their founders https://t.co/8qnV8kakBn,OTBillionaire hedge-fund manager Ray Dalio is part of a bigger wave in the gold market https://t.co/fVBYBKixoU,OTApple plans to open an office in one of Vancouver’s most hotly anticipated developments https://t.co/DqFeBPgjO3,OT"A multitrillion-dollar black hole is growing in financial markets, and it's threatening to destroy potential gains for savers https://t.co/CODKW3F5ty https://t.co/0Lwt1cSOX7",MDTencent will team up with BMW on self-driving cars in China https://t.co/QJwMgaOsWg,OTNetflix bear who predicted collapse says shares could fall 30% https://t.co/pkMiq66w9g,FI"Hong Kong’s plunging stock market volumes make the city’s exchange operator HKEX an unappealing investment, says Goldman https://t.co/2gNtg392sY",MDA cash crunch at one of China’s best known conglomerates is getting worse as the company said it will not be able to pay its upcoming dollar notes https://t.co/LDEyaCLTqQ,FIThe world’s second-largest memory chipmaker is changing its name before an IPO https://t.co/885CVlmodQ,OT"MGM is exploring the sale and leaseback of iconic properties such as Bellagio and MGM Grand, sources say https://t.co/BakfyDf3a6",OP"Brookfield is exploring the sale of Atlantis Paradise Island Resort, a luxury destination in the Bahamas https://t.co/06fhjbbZEQ",OPNetflix dropped a bombshell with no warning: Its customer growth was roughly half what it projected and it lost U.S. subscribers https://t.co/ZhIXO4x2aS,OPMnuchin currency remark is seen raising the risk of FX intervention https://t.co/M3JYYNlf1s,OThe Las Vegas Monorail is planning a return to the municipal-bond market https://t.co/MoQmnNE3E0,OT"Gold, once mocked for its lack of yield and practical use, offers something the growing pile of negative-yielding bonds doesn’t https://t.co/DGWWRruPh2",OTIndia stocks fall as foreign fund trusts remain at threat from government's proposed super-rich tax https://t.co/f2MQTTaOXb,MD"As big companies swarm the U.K.’s pubs, independent quizmasters are becoming as dead as this bird https://t.co/GW7AwkGoZt",OHSBC Global Asset warns of traps in China's junk bond market https://t.co/TpXCxg2WvX,MD"ECB policy makers will give a clear signal next week that interest rates are about to fall even further below zero, economists predict https://t.co/UdF5zkzkr2",MDFive Things You Need to Know to Start Your Day in Europe https://t.co/Xjv1UE4O5J,OT"-ECB seen priming markets in July for rate cut after summer break
-There’s no such thing as free access, EU to warn UK
-Raghuram Rajan, Janet Yellen didn’t apply to succeed Mark Carney at the BOE 
Here's a rundown of your top economic news today https://t.co/IptF20C1Db",MDBrexit Bulletin: Clipping Boris Johnson’s wings https://t.co/zvdvThwWtc via @emmarossthomas #tictocnews https://t.co/89BcYRWuAx,OT"Barrick Gold agrees to buy out minority shareholders in its African unit, Acacia Mining, ending a stand-off between the two companies over valuation https://t.co/yCDvwwNa0Y",OTAnheuser-Busch agrees to sell its Australian operations to Asahi for $11.3 billion and says it’s still considering an IPO of its Asian subsidiary https://t.co/MDPtFqfLir,OT"Central banks should move quickly in this era of low interest rates when they see signs of trouble in the economy, New York Fed President John Williams says https://t.co/L7dObiNYIM",MDTrade-war jitters and slower growth are prompting more interest-rate cuts by spooked central bankers https://t.co/A9uw4wFdQm https://t.co/cGvzkOC7yr,MDHSBC Global Asset warns of traps in China's junk bond market https://t.co/LGxA4D656A https://t.co/IxUdIwWdx8,MDThe ECB Governing Council member from #Latvia will be selected through an open competition if the country's Prime Minister Krisjanis Karins gets his way https://t.co/Fu1BhyBYNA via @bpolitics #tictocnews,OTBritain posts its largest June budget deficit in four years as spending surged and taxes failed to grow https://t.co/besZwqIoNW https://t.co/Qs2mJaFFSN,MD"Europe is left with few options to save the Iran nuclear deal
https://t.co/5JQQlRlCLE via @LadaneNasseri @HeleneFouquet #tictocnews https://t.co/7OTylmepvv",TWEconomists are if anything predicting MORE @ECB stimulus now than they were after Mario Draghi's Sintra speech ... https://t.co/YsBzgSAy62 via @economics @carolynnlook @catarinasaraiva,MD"BitMEX is under investigation by the CFTC. Story below.

Bitcoin and Ethereum both falling on the news.

https://t.co/SnjJ2H5Feu a @BMMRobertson scoop. https://t.co/QqWUNCQS3Y",RI"Morning Note: 

-Investors question 50bp rate cut calls
-NY Fed walking back Williams speech
-Last day of Fed speak before blackout https://t.co/Fs6ieersXJ",MDFrance has squeaked past Italy to become the country with the biggest debt load in the euro area in absolute terms https://t.co/pvNZBhnnUO https://t.co/gqUSK5lklJ,MD"Sub-zero yields. 
That's what's driving the gold rush.
https://t.co/z9vgeTlJgw",MDAmerica’s largest steelmaker is calling a bottom in U.S. steel prices https://t.co/FWM6jmE8Mx,MD"#5things
-Trade talks 
-Easing bets
-Italy, U.K. politics
-Markets rise
-Coming up...
https://t.co/BqiJh2HsWQ https://t.co/Q62VCj7ILe",OTItalian Deputy Premier Salvini faces decision time on pushing for a new  election https://t.co/oirYLKKD0m,OT"Tepid manufacturing is the main reason Fed policy makers are looking past a booming U.S. stock market, a seemingly unflappable American consumer and steady job growth https://t.co/UV2tTYBfqG",MD"BlackRock CEO Larry Fink sees markets trending higher, spurred by deregulation and tax cuts in the U.S. https://t.co/3AIgQc6DH8",OT"Jeffrey Epstein's orbit features U.S. presidents, a British royal and MBS. 

To help you wrap your head around it we pulled together this graphic for this week's @BW:

https://t.co/nQzBIrIcRS",OTShares of Boeing are climbing in early trading after a $4.9 billion charge on the grounding of the 737 Max jets met some expectations on the Street https://t.co/TMEoyST4tQ,OT"LATEST: The U.S. Commodity Futures Trading Commission is investigating crypto exchange BitMEX, according to people familiar with the matter https://t.co/Jm6tKEntHw",RIAngela Merkel says the U.K. should be given more time to leave the EU if it needs it https://t.co/KZFik7Yv7Z https://t.co/fddoj29FOD,OTChina’s tightening oversight of its Belt and Road projects https://t.co/Y6PEOmQ002,OTBoris Johnson has not even entered Number 10 Downing Street as Britain’s prime minister and already he is facing a battle to keep the government he hopes to lead alive https://t.co/drdvSGkCrf,PU"Gold, once mocked for its lack of yield and practical use, offers something the growing pile of negative-yielding bonds doesn’t https://t.co/eN5CG1pf2w",OT"Natixis-backed H2O Asset Management will reinstate a 5% entry fee on some funds, marking a step toward recovery after investors pulled billions out of the firm on concerns over its holdings of hard-to-sell assets https://t.co/43n8AqL2r1",OP"U.S. stocks rise at the open
https://t.co/wVdoMCQtf4 https://t.co/ZZ68pYUCsU",OT"Donald Trump renews his criticism of the Fed, complaining about high interest rates https://t.co/35yFhZvDGK",OTThe euro may weather a widely expected dovish policy statement next week by the ECB. https://t.co/I9Qu2tHEYT https://t.co/kPEVzgMU1D,OT"The shale boom is about to hit a speed bump, according to the world’s biggest oilfield service provider https://t.co/quNCRvVrMs",MDA U.S. regulator is investigating wildly popular crypto exchange BitMEX https://t.co/D2F3VrK1tx,RI"Ice covering the Arctic Ocean reached the second-lowest level recorded for this time of year after July temperatures spiked in areas around the North Pole
https://t.co/Anm4IlbTek via @jeremylawhodges https://t.co/mYKT3NYaFS",OT"Elizabeth Warren wants to force private equity executives to eat their own cooking.

Predictably, they aren’t thrilled
https://t.co/wc35rb8ImU",RI"Consolidated Edison Inc. is forecasting record power demand for New York this weekend as a heat wave blankets the city
https://t.co/bb5DH932lU",OT"Central Banks See Here a Cut, There a Cut, Everywhere a Cut, Cut
https://t.co/7DqEl6IFfE",MD"“I said, ‘How many things do I have to get involved in?”’ Trump told reporters at the White House on Friday
https://t.co/zWWFEJ8bF8",OT"Just as the spread of African swine fever in China ignites global protein markets, it’s getting harder to find out how much hogs should cost in the U.S. Midwest
https://t.co/ET7dyuKZNP",O"Federal Reserve policy makers will meet in two weeks to weigh an interest-rate cut against the backdrop of a booming U.S. stock market, a seemingly unflappable American consumer and steady job growth
https://t.co/qbZUsflDJz",MD"Millennials are flocking to the Pacific Northwest, with its natural beauty and legal marijuana
https://t.co/AnipCadpVB",OT"Wall Street’s heavyweights are prepping their clients for bad news: Some trades are about to get a lot more expensive
https://t.co/qJqshMyybp",OP"Donald Trump said Boris Johnson will do a ""great job"" and will fix Brexit as Britain’s prime minister, even though he hasn’t been elected yet
https://t.co/JmXDSSvplm",OTEscalating tension in the Persian Gulf is beginning to justify renewed optimism that oil will rebound https://t.co/4OtWWrys5Q,TW"Bentley celebrates its 100th year, having barely survived its 99th https://t.co/xejEuXaI3I",OPThis is how a Persian Gulf conflict could impact commodities markets https://t.co/rG9mxFo8xt,TW"Whoever wins the U.K.’s leadership race, investors reckon its markets will lose https://t.co/gT1iee1TXr",MDECB chief Mario Draghi will lead a policy meeting that’s widely expected to set the stage for a September rate cut and a possible resumption of quantitative easing https://t.co/JXzwe7SlMh,MDFive things you need to know to start your trading day in Asia https://t.co/lhtvnKxDPJ,OT"Lowest ever yield on a fixed-rate Samurai bond.

https://t.co/8dJmADH0yJ",MDChina's $40 trillion banking system learns a hard lesson on risk https://t.co/2VlNvdHi7V,MDAll you need to know about what's moving markets today https://t.co/IYagA2TOZK,OT"Despite fears of re-colonization, research into Chinese investment in Africa shows:

📈 95% of Chinese manufacturing companies in Africa hire local workers
📝 54% hire managers locally
🀄 73% offer apprenticeships for locals. https://t.co/PAoyV7HBJJ https://t.co/yfePuFHeey",OTChina's plan to lure big tech listings back home https://t.co/MhCOzVNRKA,OTChina’s new stock venue designed for tech startups starts trading today https://t.co/K4T7tNTHRC,OTAsahi shares fall the most in more than a year after unveiling $11.3 billion deal to buy AB InBev’s Australian operations https://t.co/tz4warFMdq,OPAustralia's Liquefied Natural Gas Ltd. plans to re-domicile in the U.S. and list its shares in New York https://t.co/I9NPmezdZT,OTThe cash reward for owning Taiwan stocks is larger than almost anywhere else in Asia but global investors are ditching them anyway https://t.co/Cg2W3e9eDE,MDInsurer’s stock fund picks India infrastructure over consumption https://t.co/nNWUrtEXJr,MDFed Chairman Jerome Powell and his colleagues look primed to cut interest rates by a quarter percentage point later this month https://t.co/eKvr8lqibS,MD"Bridgewater’s flagship Pure Alpha fund lost 4.9% in the 6 months through June, the Financial Times reports https://t.co/QHvZpaK8vE",FIIndia’s central bank is seeing “signs of fragility” in some of 50 mortgage lenders and other shadow banks https://t.co/Io3Q6Ckm7f,MDNegative interest rates have created a European banking industry that’s ripe for consolidation https://t.co/PNwDvqE5NG,MD"“I would not like to specify"" how long the current slowdown will last, says RBI governor in first media interviews since taking office https://t.co/AeNLCYMEpE",MDPrivate equity funds and institutional investors have cornered a huge chunk of America’s $6 billion cold-storage market https://t.co/S4Zrw8BsWm,OT"Here's what RBI's governor says about the Indian economy, investment slowdown and reforms https://t.co/AydWLlz8gf",MDTurkey is probably going to remind emerging-markets traders the dangers of complacency this week; it’s a lesson that’s been in the making since May https://t.co/yQnNmIGdls,OThe top markets worry for Credit Suisse clients? Twin rally in stocks and bonds https://t.co/yBtgSxCeaM,MD"Trading frenzy grips China's new stock venue, with first 25 IPOs jumping an average 166% https://t.co/FMQheolUlB",OTMillions of barrels of Iranian oil are piled up in China's ports https://t.co/k016RVsVzb,OPA night of clashes in #HongKong - including tear gas and roving groups of masked men attacking protesters - prompted the strongest warnings yet from Beijing https://t.co/dwSSiBGhPf via @bpolitics,PUYou can't shame Asian flyers https://t.co/9KzAJgoLgJ via @bopinion,OTHere's what might shake sleepy Asia equity markets out of their summer haze this week https://t.co/SnEHrS2Cuy,OChina's taste is growing for expensive Australian wines https://t.co/t9YgOF0SfF,OTMarkets are spurring a shift toward greener fuels in Europe by making coal more costly to burn. https://t.co/qe3E3UdnWU,OTFive things you need to know to start your day https://t.co/T8LpDyY03M,OTOman is giving its troubled finances the silent treatment https://t.co/b94teT9h8D,OPScientists are unlocking the genetic underpinnings of pain to develop innovation treatments beyond opioids https://t.co/PPzslVb7pa,OT"The successful ""don't bother"" trading strategy: https://t.co/uRA1IF2bP8 via @markets",OTThe company that owns Uniqlo apologized for upsetting Korean customers https://t.co/SZT4oidOT3,OPPhiladelphia Energy files for Chapter 11 bankruptcy after a fire at its oil refinery forced it to shut operations https://t.co/34rTdF6Zlx,FIIndian stocks extended declines to a third day as the central bank said it’s seeing “signs of fragility” in some lenders https://t.co/4NSSIuoI4i,MDAsahi shares drop most in year on $11.3 billion Australia deal https://t.co/wzdhMNiJzz,FIBrexit Bulletin: Thwarting Boris Johnson https://t.co/bMtSZFtWAs via @emmarossthomas #tictocnews https://t.co/lJbKf4wzk8,OTFirst 25 IPOs on China's newly opened Nasdaq-style trading venue  jump an average 148% https://t.co/1ZqFQdWwZ5 https://t.co/5X0eyFDEmC,OTThe beleaguered London housing market continued to diverge from the rest of the UK https://t.co/6x4rYlaJGw via @jillianfward #tictocnews https://t.co/dsB4xKj06o,OTGoldman Sachs strategists say the S&amp;P 500 doesn't have much more room to run up https://t.co/Ulh6qEnNkH https://t.co/OgZGXIq6ov,MDAnglo American Platinum’s net cash more than doubled in the six months through June  https://t.co/w2dQkDYTLl,OT#Oman is giving its troubled finances the silent treatment https://t.co/qlv3es6lwb via @markets,OP"#Ukraine's upstart president is unexpectedly close to an unprecedented outright parliamentary majority. 
https://t.co/7uTmBLsDRD via @bpolitics #tictocnews",OT